train_loss,train_accuracy,val_loss,val_accuracy,learning_rate
3.5578042346161682,0.033482142857142856,3.554133991142372,0.028409090909090908,0.0002
3.5407972459669237,0.04383116883116883,3.530716001213371,0.05357142857142857,0.00038
3.525984813640644,0.056412337662337664,3.509945652701638,0.08035714285714286,0.0005600000000000001
3.5055216442454946,0.06879058441558442,3.486962414407111,0.07224025974025974,0.0007400000000000001
3.4743457831345594,0.07974837662337662,3.444278128735431,0.13230519480519481,0.0009200000000000001
3.4231999632600068,0.10328733766233766,3.3933662253540833,0.08928571428571429,0.0011
3.354959277363567,0.11323051948051949,3.3311871119907925,0.07711038961038962,0.00128
3.2522129486133524,0.1424512987012987,3.392648340819718,0.03409090909090909,0.0014600000000000001
3.1813075449559594,0.16152597402597402,3.83149292561915,0.030032467532467532,0.0016400000000000002
3.068333102511121,0.16984577922077923,3.264432430267334,0.09334415584415584,0.0018200000000000004
2.960008605734094,0.190137987012987,2.999207016709563,0.10551948051948051,0.002
2.8402927448223165,0.2203733766233766,2.9683184654681716,0.11363636363636363,0.0019997494937677943
2.738908742929434,0.23579545454545456,2.8355860059911553,0.15178571428571427,0.0019989981012086084
2.6352410811882514,0.2644074675324675,2.92888313454467,0.14772727272727273,0.001997746200671224
2.5885833610187876,0.2747564935064935,2.6252059936523438,0.21103896103896103,0.001995994422525263
2.5148142374955214,0.2948457792207792,2.472732345779221,0.31006493506493504,0.0019937436488437765
2.467073945256023,0.31148538961038963,2.717117303377622,0.15097402597402598,0.0019909950129590953
2.393443200495336,0.33238636363636365,2.405265987693489,0.3198051948051948,0.0019877498988921626
2.3378415819886444,0.3538961038961039,2.8641324167127733,0.13392857142857142,0.001984009940655637
2.287976902800721,0.3648538961038961,2.7816828442858412,0.1387987012987013,0.0019797770214311197
2.238056402701836,0.38656655844155846,2.8302550842235616,0.18993506493506493,0.0019750532726209146
2.197040413881277,0.39468344155844154,2.5165554300531165,0.25487012987012986,0.0019698410727748035
2.1620639144600213,0.4161931818181818,2.3500542145270806,0.3198051948051948,0.001964143046392374
2.1134649979603757,0.42146915584415584,2.2198102319395385,0.29383116883116883,0.0019579620626015057
2.062783860541009,0.45068993506493504,2.0232557073816078,0.5064935064935064,0.0019513012337136777
2.0393141508102417,0.4537337662337662,3.296850684401277,0.13717532467532467,0.0019441639136568256
2.0088636472627712,0.46367694805194803,2.126691298051314,0.37337662337662336,0.0019365536962865383
1.9893202069517855,0.4614448051948052,2.3641973284931925,0.2597402597402597,0.0019284744135764434
1.9528600101347093,0.47950487012987014,1.9627671241760254,0.5040584415584416,0.0019199301336886932
1.9403699729349706,0.47483766233766234,2.5315360806205054,0.20373376623376624,0.0019109251589255216
1.9219202917891662,0.4831574675324675,2.022754173774224,0.411525974025974,0.0019014640235629067
1.8854734061600327,0.5030438311688312,2.2288337589858416,0.2532467532467532,0.0018915514915674256
1.8659349834764158,0.5016233766233766,1.9066227504185267,0.4375,0.001881192554197454
1.8329838731072166,0.5125811688311688,1.8392224745316939,0.5357142857142857,0.0018703924274899167
1.8138623469835753,0.531047077922078,3.450147991056566,0.12175324675324675,0.0018591565496338565
1.7923008652476522,0.5243506493506493,1.851704975227257,0.49756493506493504,0.0018474905782321425
1.7756130540525759,0.5426136363636364,1.7285151543555322,0.5551948051948052,0.001835400387452696
1.7608556205576116,0.5373376623376623,2.1697508514701545,0.2913961038961039,0.0018228920650706704
1.7345316874516474,0.5436282467532467,2.987484021620317,0.16071428571428573,0.0018099719094030727
1.712110938963952,0.554586038961039,1.8777270007443119,0.4318181818181818,0.0017966464261373722
1.706284905408884,0.5501217532467533,2.3572909181768242,0.25892857142857145,0.00178292232505569
1.6809039208796117,0.5639204545454546,1.6242794773795388,0.6063311688311688,0.0017688065166562212
1.662786833651654,0.5687905844155844,2.0618402400574127,0.35064935064935066,0.001754306108673593
1.6317903809733205,0.5752840909090909,1.924462383443659,0.37337662337662336,0.0017394284024999042
1.6223050170130544,0.5785308441558441,1.7943334981992647,0.487012987012987,0.0017241808895082547
1.6162171859245795,0.580560064935065,1.9705483139335336,0.36688311688311687,0.001708571247280615
1.591524472484341,0.5929383116883117,1.5745875711564894,0.586038961038961,0.0016926073357419306
1.5843537411132416,0.5732548701298701,1.8915867557773343,0.4172077922077922,0.0016762971932024143
1.5633517797891197,0.5925324675324676,1.7044438046294372,0.49594155844155846,0.001659649032310014
1.560016048419011,0.5980113636363636,1.5605929919651575,0.6087662337662337,0.001642671235915099
1.56014338097015,0.6059253246753247,1.515666150427484,0.6331168831168831,0.00162537235284944
1.5354723496870561,0.6026785714285714,1.5278402953952939,0.5900974025974026,0.0016077610936216162
1.5052350558243788,0.6156655844155844,1.7605068776514623,0.4155844155844156,0.0015898463260310108
1.4914024603831304,0.614448051948052,1.8522427747775982,0.45454545454545453,0.0015716370707026096
1.495359747440784,0.6203327922077922,2.6699615144110345,0.23376623376623376,0.001553142496544842
1.4891187773122416,0.606939935064935,1.436736829869159,0.674512987012987,0.0015343719161327598
1.4633732352937971,0.6256087662337663,1.6714131646342092,0.48944805194805197,0.0015153347810188767
1.461746703494679,0.6280438311688312,2.1167229243687222,0.34415584415584416,0.0014960406769740251
1.4565977864451223,0.632913961038961,1.6982187667450348,0.4472402597402597,0.0014764993191606337
1.439375882024889,0.6314935064935064,1.967580847925954,0.3474025974025974,0.001456720547240849
1.4282753575931897,0.6414366883116883,2.13527199509856,0.2987012987012987,0.0014367143204219704
1.423537285296948,0.630073051948052,1.3710374925043676,0.6834415584415584,0.0014164907124416882
1.4076940765628567,0.6467126623376623,1.5469797942545507,0.5665584415584416,0.0013960599064956542
1.3916609860085822,0.6503652597402597,1.6251350888958225,0.5048701298701299,0.0013754321901099356
1.392544529654763,0.648538961038961,1.548400522826554,0.5568181818181818,0.0013546179499609363
1.3895283364630364,0.6448863636363636,2.629331139775066,0.25487012987012986,0.0013336276666453917
1.3966856529186298,0.6390016233766234,2.6669828922717604,0.2288961038961039,0.001312471909403073
1.392697743007115,0.6420454545454546,1.507944816118711,0.5478896103896104,0.0012911613307948573
1.3741249233097226,0.6400162337662337,1.4285531384604317,0.5909090909090909,0.0012697066613388418
1.357271034996231,0.6633522727272727,1.716856109631526,0.4699675324675325,0.0012481187041072045
1.3778632414805425,0.6377840909090909,1.7034435984376188,0.4642857142857143,0.0012264083292865327
1.3551617767903712,0.651176948051948,1.3520836427614287,0.6599025974025974,0.0012045864687043565
1.3537169648455334,0.6532061688311688,1.3944141199062396,0.635551948051948,0.0011826641103246435
1.3428756726252569,0.6584821428571429,1.3766617898817186,0.6331168831168831,0.0011606522927150298
1.2994004224801992,0.6755275974025974,1.5003848726099187,0.5722402597402597,0.0011385620994885672
1.2922555997774199,0.6753246753246753,1.788463679226962,0.41314935064935066,0.0011164046537227913
1.3079701491764613,0.6647727272727273,1.6392624502058153,0.4991883116883117,0.0010941911123589162
1.295551320175072,0.6659902597402597,1.4080922913241696,0.6128246753246753,0.0010719326605839795
1.2636105224683687,0.6806006493506493,1.3296070764591168,0.6461038961038961,0.0010496405061987625
1.2753250459571936,0.6741071428571429,1.9752926176244563,0.3912337662337662,0.001027325873974326
1.2648450894789263,0.6722808441558441,1.5267692665001014,0.5056818181818182,0.001005
1.2504170699553057,0.6814123376623377,1.9496932153577928,0.4034090909090909,0.000982674126025674
1.24229331837072,0.6862824675324676,1.3465485944376363,0.6525974025974026,0.0009603594938012377
1.230858606177491,0.6868912337662337,1.3492660429570582,0.6599025974025974,0.0009380673394160205
1.229027993493266,0.687297077922078,2.121304871199967,0.36038961038961037,0.0009158088876410836
1.2218327522277832,0.6881087662337663,1.4621812244514367,0.5568181818181818,0.0008935953462772086
1.2107314730619456,0.6974431818181818,1.8999602980427928,0.4017857142857143,0.0008714379005114329
1.205460512018823,0.6962256493506493,1.709977236661044,0.45454545454545453,0.0008493477072849704
1.2117908341544015,0.6992694805194806,1.1853281584652988,0.7102272727272727,0.0008273358896753566
1.2045843252887973,0.6893262987012987,1.2971342492413211,0.6436688311688312,0.0008054135312956436
1.1888097609792436,0.703327922077922,1.2426206152160446,0.6623376623376623,0.0007835916707134671
1.1769047000191428,0.7047483766233766,1.164626652544195,0.7215909090909091,0.0007618812958927954
1.17844181401389,0.7023133116883117,1.2853468424314027,0.6558441558441559,0.0007402933386611584
1.1655865628998001,0.7037337662337663,1.13033368525567,0.726461038961039,0.0007188386692051425
1.1565089132878688,0.7191558441558441,1.144729756689691,0.726461038961039,0.0006975280905969273
1.1599100386941588,0.7098214285714286,1.2251165873044496,0.6688311688311688,0.0006763723333546087
1.1478332931345159,0.7126623376623377,1.1455881688501928,0.7215909090909091,0.000655382050039064
1.1438425740638336,0.7132711038961039,1.3022980349404472,0.6152597402597403,0.0006345678098900647
1.1443211204045778,0.7169237012987013,1.128220921987063,0.739448051948052,0.0006139400935043462
1.1231607105824855,0.7262581168831169,1.2781078707088123,0.614448051948052,0.0005935092875583117
1.1434688204294676,0.7142857142857143,1.1822381824642032,0.6737012987012987,0.0005732856795780296
1.1347085593582749,0.7148944805194806,1.0888238231857101,0.7670454545454546,0.0005532794527591509
1.1270545372715244,0.711038961038961,1.0817430576720795,0.7597402597402597,0.0005335006808393662
1.1208466585580406,0.7295048701298701,1.1616056336985006,0.7086038961038961,0.0005139593230259747
1.1184353124011646,0.7270698051948052,1.1084509050691282,0.7353896103896104,0.0004946652189811233
1.1107534712011164,0.7270698051948052,1.0836440742789926,0.765422077922078,0.00047562808386724005
1.119244529829397,0.7272727272727273,1.0712428340664157,0.7613636363636364,0.00045685750345515795
1.120733576161521,0.7171266233766234,1.1104760262873266,0.724025974025974,0.00043836292929739015
1.1084853310089606,0.7193587662337663,1.0860123417594216,0.7402597402597403,0.0004201536739689892
1.1019271178679033,0.7244318181818182,1.0678028595911992,0.75,0.00040223890637838415
1.0919321163908227,0.7351866883116883,1.031901402906938,0.775974025974026,0.00038462764715056004
1.0999688181010159,0.7297077922077922,1.0336641119672108,0.7897727272727273,0.00036732876408490086
1.0961063055249003,0.7232142857142857,1.105044464012245,0.726461038961039,0.00035035096768998585
1.1085283585957117,0.7167207792207793,1.04989091452066,0.7646103896103896,0.00033370280679758594
1.0755055840913352,0.7386363636363636,1.0299806687738988,0.7800324675324676,0.00031739266425806956
1.091651934307891,0.723823051948052,1.0859872025328796,0.7581168831168831,0.00030142875271938516
1.0898689263826842,0.7268668831168831,1.0358333634091663,0.7662337662337663,0.0002858191104917454
1.084918072471371,0.7351866883116883,1.0935500782805603,0.7491883116883117,0.00027057159750009605
1.0800933559219559,0.7254464285714286,1.0429524632243368,0.7597402597402597,0.0002556938913264071
1.089509273504282,0.7242288961038961,1.0318651896018487,0.7670454545454546,0.00024119348334377883
1.0827766904583225,0.7355925324675324,1.0237376705392616,0.7767857142857143,0.00022707767494431022
1.0833534652536565,0.7313311688311688,1.0173677175075977,0.7905844155844156,0.00021335357386262786
1.0800971845527747,0.736810064935065,1.0211233396034736,0.7816558441558441,0.00020002809059692728
1.0876194509592922,0.7295048701298701,1.0326368359776286,0.7784090909090909,0.00018710793492932962
1.0804860166140966,0.726461038961039,1.0190129187199977,0.7881493506493507,0.00017459961254730376
1.0850425246474031,0.7313311688311688,1.0071594204221452,0.7832792207792207,0.00016250942176785718
1.072345269964887,0.7359983766233766,1.013693026133946,0.7849025974025974,0.00015084345036614312
1.0581001120728333,0.7388392857142857,0.9971930609120951,0.7930194805194806,0.00013960757251008302
1.0664980605051115,0.7335633116883117,1.0062838901172986,0.7922077922077922,0.0001288074458025456
1.0808242373652273,0.7329545454545454,1.045081073587591,0.7646103896103896,0.00011844850843257398
1.066262083394187,0.7351866883116883,1.023803229455824,0.7646103896103896,0.000108535976437093
1.061871909475946,0.7451298701298701,0.9820832339200106,0.8060064935064936,9.907484107447816e-05
1.0779564597389915,0.7335633116883117,1.0002870729991369,0.801948051948052,9.006986631130663e-05
1.0694201851820018,0.734375,0.9907772463637513,0.7922077922077922,8.152558642355631e-05
1.0652701219955047,0.7406655844155844,1.0557904181542335,0.7540584415584416,7.344630371346145e-05
1.0648703234536308,0.7353896103896104,1.0118529812082069,0.7857142857142857,6.583608634317423e-05
1.0658386968947076,0.7333603896103896,0.9988444911969172,0.7978896103896104,5.86987662863222e-05
1.0686987135317418,0.7252435064935064,0.9854115851513752,0.8043831168831169,5.203793739849417e-05
1.0610850074074485,0.7402597402597403,0.9831690060627924,0.8027597402597403,4.5856953607626e-05
1.068138121010421,0.736810064935065,0.9927294780681659,0.8084415584415584,4.015892722519654e-05
1.0548443562024599,0.7384334415584416,0.982049328166169,0.801948051948052,3.4946727379085485e-05
1.049682795227348,0.7418831168831169,0.983469161120328,0.8084415584415584,3.022297856888069e-05
1.0525294495867443,0.7366071428571429,0.9804550006792143,0.8051948051948052,2.5990059344363476e-05
1.0708834683740294,0.7335633116883117,0.9816007830879905,0.8043831168831169,2.2250101107838026e-05
1.0589568344029514,0.7439123376623377,0.9776535359295931,0.8092532467532467,1.9004987040904972e-05
1.072759135202928,0.7364042207792207,0.9777331460605968,0.8060064935064936,1.6256351156223608e-05
1.0618890756136412,0.7418831168831169,0.982539841881046,0.8116883116883117,1.4005577474737126e-05
1.060805707782894,0.7299107142857143,0.9819962900954408,0.8108766233766234,1.2253799328776198e-05
1.0668912080975321,0.737012987012987,0.9816549273280354,0.8027597402597403,1.1001898791391983e-05
1.0678514575029348,0.7433035714285714,0.9871313362926631,0.799512987012987,1.0250506232206003e-05
